Location_ID,Location_Name,Date_Early,Date_Mid,Date_Late,Latitude,Longitude,Region,Ocean_Basin,Ecosystem_Type,Climate_Zone
1,Eq_001,2003-01-15,2010-01-15,2025-01-15,-5.0,-82.5,Equatorial,Atlantic_Ocean,Tropical_Marine,Tropical
2,Ind_002,2003-01-15,2010-01-15,2025-01-15,2.5,97.5,Indian_Ocean,Indian_Ocean,Tropical_Marine,Tropical
3,ARC_003,2003-01-15,2010-01-15,2025-01-15,85.0,-150.0,Arctic,Arctic_Ocean,Polar_Marine,Polar
4,ARC_004,2003-01-15,2010-01-15,2025-01-15,70.0,30.0,Arctic,Arctic_Ocean,Polar_Marine,Polar
5,ARC_005,2003-01-15,2010-01-15,2025-01-15,77.5,-127.5,Arctic,Arctic_Ocean,Polar_Marine,Polar
6,SAtl_006,2003-01-15,2010-01-15,2025-01-15,-27.5,-75.0,South_Atlantic,Atlantic_Ocean,Temperate_Marine,Subtropical
7,SO_007,2003-01-15,2010-01-15,2025-01-15,-72.5,-112.5,Southern_Ocean,Southern_Ocean,Polar_Marine,Polar
8,NPac_008,2003-01-15,2010-01-15,2025-01-15,47.5,165.0,North_Pacific,Pacific_Ocean,Subpolar_Marine,Temperate
9,SO_009,2003-01-15,2010-01-15,2025-01-15,-65.0,-180.0,Southern_Ocean,Southern_Ocean,Subpolar_Marine,Temperate
10,NAtl_010,2003-01-15,2010-01-15,2025-01-15,32.5,-37.5,North_Atlantic,Atlantic_Ocean,Temperate_Marine,Subtropical
11,Ind_011,2003-01-15,2010-01-15,2025-01-15,10.0,82.5,Indian_Ocean,Indian_Ocean,Tropical_Marine,Tropical
12,Ind_012,2003-01-15,2010-01-15,2025-01-15,2.5,75.0,Indian_Ocean,Indian_Ocean,Tropical_Marine,Tropical
13,NPac_013,2003-01-15,2010-01-15,2025-01-15,55.0,-135.0,North_Pacific,Pacific_Ocean,Subpolar_Marine,Temperate
14,NPac_014,2003-01-15,2010-01-15,2025-01-15,25.0,-127.5,North_Pacific,Pacific_Ocean,Temperate_Marine,Subtropical
15,NPac_015,2003-01-15,2010-01-15,2025-01-15,47.5,-165.0,North_Pacific,Pacific_Ocean,Subpolar_Marine,Temperate
16,ARC_016,2003-01-15,2010-01-15,2025-01-15,85.0,82.5,Arctic,Arctic_Ocean,Polar_Marine,Polar
17,SPac_017,2003-01-15,2010-01-15,2025-01-15,-20.0,-180.0,South_Pacific,Pacific_Ocean,Tropical_Marine,Tropical
18,NAtl_018,2003-01-15,2010-01-15,2025-01-15,47.5,-37.5,North_Atlantic,Atlantic_Ocean,Subpolar_Marine,Temperate
19,NPac_019,2003-01-15,2010-01-15,2025-01-15,32.5,-135.0,North_Pacific,Pacific_Ocean,Temperate_Marine,Subtropical
20,SAtl_020,2003-01-15,2010-01-15,2025-01-15,-27.5,-22.5,South_Atlantic,Atlantic_Ocean,Temperate_Marine,Subtropical
21,Ind_021,2003-01-15,2010-01-15,2025-01-15,-27.5,37.5,Indian_Ocean,Indian_Ocean,Temperate_Marine,Subtropical
22,Eq_022,2003-01-15,2010-01-15,2025-01-15,-12.5,52.5,Equatorial,Indian_Ocean,Tropical_Marine,Tropical
23,NAtl_023,2003-01-15,2010-01-15,2025-01-15,55.0,-15.0,North_Atlantic,Atlantic_Ocean,Subpolar_Marine,Temperate
24,NPac_024,2003-01-15,2010-01-15,2025-01-15,55.0,-142.5,North_Pacific,Pacific_Ocean,Subpolar_Marine,Temperate
25,SPac_025,2003-01-15,2010-01-15,2025-01-15,-20.0,-142.5,South_Pacific,Pacific_Ocean,Tropical_Marine,Tropical
26,NPac_026,2003-01-15,2010-01-15,2025-01-15,17.5,-180.0,North_Pacific,Pacific_Ocean,Tropical_Marine,Tropical
27,SO_027,2003-01-15,2010-01-15,2025-01-15,-65.0,-67.5,Southern_Ocean,Southern_Ocean,Subpolar_Marine,Temperate
28,SAtl_028,2003-01-15,2010-01-15,2025-01-15,-57.5,15.0,South_Atlantic,Atlantic_Ocean,Subpolar_Marine,Temperate
29,Ind_029,2003-01-15,2010-01-15,2025-01-15,-50.0,97.5,Indian_Ocean,Atlantic_Ocean,Subpolar_Marine,Temperate
30,NPac_030,2003-01-15,2010-01-15,2025-01-15,2.5,-105.0,North_Pacific,Pacific_Ocean,Tropical_Marine,Tropical
31,NAtl_031,2003-01-15,2010-01-15,2025-01-15,32.5,-52.5,North_Atlantic,Atlantic_Ocean,Temperate_Marine,Subtropical
32,Eq_032,2003-01-15,2010-01-15,2025-01-15,-12.5,-142.5,Equatorial,Pacific_Ocean,Tropical_Marine,Tropical
33,Ind_033,2003-01-15,2010-01-15,2025-01-15,10.0,142.5,Indian_Ocean,Indian_Ocean,Tropical_Marine,Tropical
34,NAtl_034,2003-01-15,2010-01-15,2025-01-15,2.5,0.0,North_Atlantic,Atlantic_Ocean,Tropical_Marine,Tropical
35,Ind_035,2003-01-15,2010-01-15,2025-01-15,-42.5,97.5,Indian_Ocean,Atlantic_Ocean,Subpolar_Marine,Temperate
36,NPac_036,2003-01-15,2010-01-15,2025-01-15,32.5,-165.0,North_Pacific,Pacific_Ocean,Temperate_Marine,Subtropical
37,SPac_037,2003-01-15,2010-01-15,2025-01-15,-20.0,-82.5,South_Pacific,Atlantic_Ocean,Tropical_Marine,Tropical
38,Ind_038,2003-01-15,2010-01-15,2025-01-15,-27.5,45.0,Indian_Ocean,Indian_Ocean,Temperate_Marine,Subtropical
39,Eq_039,2003-01-15,2010-01-15,2025-01-15,-12.5,-157.5,Equatorial,Pacific_Ocean,Tropical_Marine,Tropical
40,SPac_040,2003-01-15,2010-01-15,2025-01-15,-57.5,-150.0,South_Pacific,Pacific_Ocean,Subpolar_Marine,Temperate
41,ARC_041,2003-01-15,2010-01-15,2025-01-15,77.5,30.0,Arctic,Arctic_Ocean,Polar_Marine,Polar
42,ARC_042,2003-01-15,2010-01-15,2025-01-15,70.0,15.0,Arctic,Arctic_Ocean,Polar_Marine,Polar
43,NAtl_043,2003-01-15,2010-01-15,2025-01-15,25.0,-75.0,North_Atlantic,Atlantic_Ocean,Temperate_Marine,Subtropical
44,SAtl_044,2003-01-15,2010-01-15,2025-01-15,-20.0,-22.5,South_Atlantic,Atlantic_Ocean,Tropical_Marine,Tropical
45,SPac_045,2003-01-15,2010-01-15,2025-01-15,-50.0,-165.0,South_Pacific,Pacific_Ocean,Subpolar_Marine,Temperate
46,ARC_046,2003-01-15,2010-01-15,2025-01-15,70.0,-135.0,Arctic,Arctic_Ocean,Polar_Marine,Polar
47,SAtl_047,2003-01-15,2010-01-15,2025-01-15,-57.5,-52.5,South_Atlantic,Atlantic_Ocean,Subpolar_Marine,Temperate
48,Eq_048,2003-01-15,2010-01-15,2025-01-15,-12.5,-30.0,Equatorial,Atlantic_Ocean,Tropical_Marine,Tropical
49,SPac_049,2003-01-15,2010-01-15,2025-01-15,-20.0,-165.0,South_Pacific,Pacific_Ocean,Tropical_Marine,Tropical
50,NPac_050,2003-01-15,2010-01-15,2025-01-15,10.0,-142.5,North_Pacific,Pacific_Ocean,Tropical_Marine,Tropical
51,Ind_051,2003-01-15,2010-01-15,2025-01-15,-57.5,90.0,Indian_Ocean,Atlantic_Ocean,Subpolar_Marine,Temperate
52,NPac_052,2003-01-15,2010-01-15,2025-01-15,32.5,-172.5,North_Pacific,Pacific_Ocean,Temperate_Marine,Subtropical
53,SPac_053,2003-01-15,2010-01-15,2025-01-15,-50.0,-157.5,South_Pacific,Pacific_Ocean,Subpolar_Marine,Temperate
54,NAtl_054,2003-01-15,2010-01-15,2025-01-15,47.5,-22.5,North_Atlantic,Atlantic_Ocean,Subpolar_Marine,Temperate
55,NAtl_055,2003-01-15,2010-01-15,2025-01-15,32.5,-67.5,North_Atlantic,Atlantic_Ocean,Temperate_Marine,Subtropical
56,SAtl_056,2003-01-15,2010-01-15,2025-01-15,-57.5,-75.0,South_Atlantic,Atlantic_Ocean,Subpolar_Marine,Temperate
57,Ind_057,2003-01-15,2010-01-15,2025-01-15,-35.0,30.0,Indian_Ocean,Atlantic_Ocean,Temperate_Marine,Subtropical
58,SAtl_058,2003-01-15,2010-01-15,2025-01-15,-57.5,-37.5,South_Atlantic,Atlantic_Ocean,Subpolar_Marine,Temperate
59,SPac_059,2003-01-15,2010-01-15,2025-01-15,-27.5,-180.0,South_Pacific,Pacific_Ocean,Temperate_Marine,Subtropical
60,NPac_060,2003-01-15,2010-01-15,2025-01-15,10.0,-165.0,North_Pacific,Pacific_Ocean,Tropical_Marine,Tropical
61,SPac_061,2003-01-15,2010-01-15,2025-01-15,-20.0,172.5,South_Pacific,Pacific_Ocean,Tropical_Marine,Tropical
62,SO_062,2003-01-15,2010-01-15,2025-01-15,-65.0,60.0,Southern_Ocean,Southern_Ocean,Subpolar_Marine,Temperate
63,ARC_063,2003-01-15,2010-01-15,2025-01-15,85.0,127.5,Arctic,Arctic_Ocean,Polar_Marine,Polar
64,SAtl_064,2003-01-15,2010-01-15,2025-01-15,-50.0,-52.5,South_Atlantic,Atlantic_Ocean,Subpolar_Marine,Temperate
65,ARC_065,2003-01-15,2010-01-15,2025-01-15,85.0,-67.5,Arctic,Arctic_Ocean,Polar_Marine,Polar
66,ARC_066,2003-01-15,2010-01-15,2025-01-15,77.5,60.0,Arctic,Arctic_Ocean,Polar_Marine,Polar
67,NAtl_067,2003-01-15,2010-01-15,2025-01-15,40.0,-45.0,North_Atlantic,Atlantic_Ocean,Temperate_Marine,Subtropical
68,SAtl_068,2003-01-15,2010-01-15,2025-01-15,-42.5,-15.0,South_Atlantic,Atlantic_Ocean,Subpolar_Marine,Temperate
69,SPac_069,2003-01-15,2010-01-15,2025-01-15,-42.5,-127.5,South_Pacific,Pacific_Ocean,Subpolar_Marine,Temperate
70,NAtl_070,2003-01-15,2010-01-15,2025-01-15,2.5,-22.5,North_Atlantic,Atlantic_Ocean,Tropical_Marine,Tropical
71,SAtl_071,2003-01-15,2010-01-15,2025-01-15,-57.5,-7.5,South_Atlantic,Atlantic_Ocean,Subpolar_Marine,Temperate
72,Eq_072,2003-01-15,2010-01-15,2025-01-15,-12.5,-120.0,Equatorial,Pacific_Ocean,Tropical_Marine,Tropical
73,NPac_073,2003-01-15,2010-01-15,2025-01-15,25.0,172.5,North_Pacific,Pacific_Ocean,Temperate_Marine,Subtropical
74,Ind_074,2003-01-15,2010-01-15,2025-01-15,25.0,120.0,Indian_Ocean,Indian_Ocean,Temperate_Marine,Subtropical
75,Eq_075,2003-01-15,2010-01-15,2025-01-15,-12.5,-165.0,Equatorial,Pacific_Ocean,Tropical_Marine,Tropical
76,ARC_076,2003-01-15,2010-01-15,2025-01-15,85.0,-90.0,Arctic,Arctic_Ocean,Polar_Marine,Polar
77,NAtl_077,2003-01-15,2010-01-15,2025-01-15,62.5,-22.5,North_Atlantic,Atlantic_Ocean,Subpolar_Marine,Temperate
78,Ind_078,2003-01-15,2010-01-15,2025-01-15,17.5,67.5,Indian_Ocean,Indian_Ocean,Tropical_Marine,Tropical
79,NAtl_079,2003-01-15,2010-01-15,2025-01-15,55.0,-22.5,North_Atlantic,Atlantic_Ocean,Subpolar_Marine,Temperate
80,NPac_080,2003-01-15,2010-01-15,2025-01-15,17.5,172.5,North_Pacific,Pacific_Ocean,Tropical_Marine,Tropical
81,SO_081,2003-01-15,2010-01-15,2025-01-15,-65.0,-120.0,Southern_Ocean,Southern_Ocean,Subpolar_Marine,Temperate
82,Eq_082,2003-01-15,2010-01-15,2025-01-15,-5.0,112.5,Equatorial,Indian_Ocean,Tropical_Marine,Tropical
83,NAtl_083,2003-01-15,2010-01-15,2025-01-15,32.5,-45.0,North_Atlantic,Atlantic_Ocean,Temperate_Marine,Subtropical
84,Ind_084,2003-01-15,2010-01-15,2025-01-15,-27.5,112.5,Indian_Ocean,Indian_Ocean,Temperate_Marine,Subtropical
85,ARC_085,2003-01-15,2010-01-15,2025-01-15,85.0,120.0,Arctic,Arctic_Ocean,Polar_Marine,Polar
86,ARC_086,2003-01-15,2010-01-15,2025-01-15,85.0,-180.0,Arctic,Arctic_Ocean,Polar_Marine,Polar
87,Ind_087,2003-01-15,2010-01-15,2025-01-15,17.5,90.0,Indian_Ocean,Indian_Ocean,Tropical_Marine,Tropical
88,SO_088,2003-01-15,2010-01-15,2025-01-15,-72.5,-37.5,Southern_Ocean,Southern_Ocean,Polar_Marine,Polar
89,Eq_089,2003-01-15,2010-01-15,2025-01-15,-12.5,-82.5,Equatorial,Atlantic_Ocean,Tropical_Marine,Tropical
90,SPac_090,2003-01-15,2010-01-15,2025-01-15,-20.0,-150.0,South_Pacific,Pacific_Ocean,Tropical_Marine,Tropical
91,ARC_091,2003-01-15,2010-01-15,2025-01-15,85.0,-30.0,Arctic,Arctic_Ocean,Polar_Marine,Polar
92,NPac_092,2003-01-15,2010-01-15,2025-01-15,10.0,-157.5,North_Pacific,Pacific_Ocean,Tropical_Marine,Tropical
93,Ind_093,2003-01-15,2010-01-15,2025-01-15,-57.5,120.0,Indian_Ocean,Atlantic_Ocean,Subpolar_Marine,Temperate
94,SPac_094,2003-01-15,2010-01-15,2025-01-15,-35.0,-97.5,South_Pacific,Atlantic_Ocean,Temperate_Marine,Subtropical
95,NPac_095,2003-01-15,2010-01-15,2025-01-15,25.0,-142.5,North_Pacific,Pacific_Ocean,Temperate_Marine,Subtropical
96,ARC_096,2003-01-15,2010-01-15,2025-01-15,85.0,-97.5,Arctic,Arctic_Ocean,Polar_Marine,Polar
97,NPac_097,2003-01-15,2010-01-15,2025-01-15,2.5,-90.0,North_Pacific,Atlantic_Ocean,Tropical_Marine,Tropical
98,NPac_098,2003-01-15,2010-01-15,2025-01-15,10.0,165.0,North_Pacific,Pacific_Ocean,Tropical_Marine,Tropical
99,NPac_099,2003-01-15,2010-01-15,2025-01-15,17.5,-112.5,North_Pacific,Pacific_Ocean,Tropical_Marine,Tropical
100,SO_100,2003-01-15,2010-01-15,2025-01-15,-65.0,127.5,Southern_Ocean,Southern_Ocean,Subpolar_Marine,Temperate
101,SPac_101,2003-01-15,2010-01-15,2025-01-15,-20.0,150.0,South_Pacific,Indian_Ocean,Tropical_Marine,Tropical
102,SAtl_102,2003-01-15,2010-01-15,2025-01-15,-50.0,7.5,South_Atlantic,Atlantic_Ocean,Subpolar_Marine,Temperate
103,Ind_103,2003-01-15,2010-01-15,2025-01-15,-57.5,142.5,Indian_Ocean,Atlantic_Ocean,Subpolar_Marine,Temperate
104,Eq_104,2003-01-15,2010-01-15,2025-01-15,-5.0,60.0,Equatorial,Indian_Ocean,Tropical_Marine,Tropical
105,Ind_105,2003-01-15,2010-01-15,2025-01-15,-35.0,22.5,Indian_Ocean,Atlantic_Ocean,Temperate_Marine,Subtropical
106,NAtl_106,2003-01-15,2010-01-15,2025-01-15,2.5,-30.0,North_Atlantic,Atlantic_Ocean,Tropical_Marine,Tropical
107,Ind_107,2003-01-15,2010-01-15,2025-01-15,-42.5,30.0,Indian_Ocean,Atlantic_Ocean,Subpolar_Marine,Temperate
108,SPac_108,2003-01-15,2010-01-15,2025-01-15,-35.0,-105.0,South_Pacific,Pacific_Ocean,Temperate_Marine,Subtropical
109,SO_109,2003-01-15,2010-01-15,2025-01-15,-72.5,-82.5,Southern_Ocean,Southern_Ocean,Polar_Marine,Polar
110,SPac_110,2003-01-15,2010-01-15,2025-01-15,-50.0,-135.0,South_Pacific,Pacific_Ocean,Subpolar_Marine,Temperate
111,NPac_111,2003-01-15,2010-01-15,2025-01-15,55.0,-172.5,North_Pacific,Pacific_Ocean,Subpolar_Marine,Temperate
112,NPac_112,2003-01-15,2010-01-15,2025-01-15,10.0,-120.0,North_Pacific,Pacific_Ocean,Tropical_Marine,Tropical
113,SAtl_113,2003-01-15,2010-01-15,2025-01-15,-27.5,-45.0,South_Atlantic,Atlantic_Ocean,Temperate_Marine,Subtropical
114,SAtl_114,2003-01-15,2010-01-15,2025-01-15,-27.5,7.5,South_Atlantic,Atlantic_Ocean,Temperate_Marine,Subtropical
115,ARC_115,2003-01-15,2010-01-15,2025-01-15,77.5,-15.0,Arctic,Arctic_Ocean,Polar_Marine,Polar
116,NAtl_116,2003-01-15,2010-01-15,2025-01-15,62.5,-60.0,North_Atlantic,Atlantic_Ocean,Subpolar_Marine,Temperate
117,SPac_117,2003-01-15,2010-01-15,2025-01-15,-42.5,-120.0,South_Pacific,Pacific_Ocean,Subpolar_Marine,Temperate
118,NAtl_118,2003-01-15,2010-01-15,2025-01-15,47.5,-15.0,North_Atlantic,Atlantic_Ocean,Subpolar_Marine,Temperate
119,SPac_119,2003-01-15,2010-01-15,2025-01-15,-35.0,165.0,South_Pacific,Pacific_Ocean,Temperate_Marine,Subtropical
120,SO_120,2003-01-15,2010-01-15,2025-01-15,-65.0,-52.5,Southern_Ocean,Southern_Ocean,Subpolar_Marine,Temperate
121,SO_121,2003-01-15,2010-01-15,2025-01-15,-72.5,-127.5,Southern_Ocean,Southern_Ocean,Polar_Marine,Polar
122,NPac_122,2003-01-15,2010-01-15,2025-01-15,47.5,-127.5,North_Pacific,Pacific_Ocean,Subpolar_Marine,Temperate
123,Ind_123,2003-01-15,2010-01-15,2025-01-15,-57.5,60.0,Indian_Ocean,Atlantic_Ocean,Subpolar_Marine,Temperate
124,NAtl_124,2003-01-15,2010-01-15,2025-01-15,32.5,15.0,North_Atlantic,Atlantic_Ocean,Temperate_Marine,Subtropical
125,SPac_125,2003-01-15,2010-01-15,2025-01-15,-57.5,-135.0,South_Pacific,Pacific_Ocean,Subpolar_Marine,Temperate
126,ARC_126,2003-01-15,2010-01-15,2025-01-15,85.0,52.5,Arctic,Arctic_Ocean,Polar_Marine,Polar
127,NAtl_127,2003-01-15,2010-01-15,2025-01-15,62.5,-7.5,North_Atlantic,Atlantic_Ocean,Subpolar_Marine,Temperate
128,SO_128,2003-01-15,2010-01-15,2025-01-15,-65.0,-45.0,Southern_Ocean,Southern_Ocean,Subpolar_Marine,Temperate
129,ARC_129,2003-01-15,2010-01-15,2025-01-15,77.5,-97.5,Arctic,Arctic_Ocean,Polar_Marine,Polar
130,ARC_130,2003-01-15,2010-01-15,2025-01-15,77.5,-7.5,Arctic,Arctic_Ocean,Polar_Marine,Polar
131,SO_131,2003-01-15,2010-01-15,2025-01-15,-65.0,120.0,Southern_Ocean,Southern_Ocean,Subpolar_Marine,Temperate
132,SPac_132,2003-01-15,2010-01-15,2025-01-15,-50.0,-180.0,South_Pacific,Pacific_Ocean,Subpolar_Marine,Temperate
133,SO_133,2003-01-15,2010-01-15,2025-01-15,-65.0,30.0,Southern_Ocean,Southern_Ocean,Subpolar_Marine,Temperate
134,Ind_134,2003-01-15,2010-01-15,2025-01-15,-42.5,82.5,Indian_Ocean,Atlantic_Ocean,Subpolar_Marine,Temperate
135,SAtl_135,2003-01-15,2010-01-15,2025-01-15,-27.5,-15.0,South_Atlantic,Atlantic_Ocean,Temperate_Marine,Subtropical
136,NPac_136,2003-01-15,2010-01-15,2025-01-15,55.0,-150.0,North_Pacific,Pacific_Ocean,Subpolar_Marine,Temperate
137,Ind_137,2003-01-15,2010-01-15,2025-01-15,10.0,127.5,Indian_Ocean,Indian_Ocean,Tropical_Marine,Tropical
138,SPac_138,2003-01-15,2010-01-15,2025-01-15,-42.5,-97.5,South_Pacific,Atlantic_Ocean,Subpolar_Marine,Temperate
139,NPac_139,2003-01-15,2010-01-15,2025-01-15,47.5,172.5,North_Pacific,Pacific_Ocean,Subpolar_Marine,Temperate
140,Eq_140,2003-01-15,2010-01-15,2025-01-15,-12.5,-105.0,Equatorial,Pacific_Ocean,Tropical_Marine,Tropical
141,Eq_141,2003-01-15,2010-01-15,2025-01-15,-12.5,-7.5,Equatorial,Atlantic_Ocean,Tropical_Marine,Tropical
142,Eq_142,2003-01-15,2010-01-15,2025-01-15,-5.0,-90.0,Equatorial,Atlantic_Ocean,Tropical_Marine,Tropical
143,NPac_143,2003-01-15,2010-01-15,2025-01-15,2.5,-180.0,North_Pacific,Pacific_Ocean,Tropical_Marine,Tropical
144,SAtl_144,2003-01-15,2010-01-15,2025-01-15,-35.0,-75.0,South_Atlantic,Atlantic_Ocean,Temperate_Marine,Subtropical
145,Eq_145,2003-01-15,2010-01-15,2025-01-15,-12.5,165.0,Equatorial,Pacific_Ocean,Tropical_Marine,Tropical
146,SPac_146,2003-01-15,2010-01-15,2025-01-15,-20.0,-105.0,South_Pacific,Pacific_Ocean,Tropical_Marine,Tropical
147,SO_147,2003-01-15,2010-01-15,2025-01-15,-65.0,112.5,Southern_Ocean,Southern_Ocean,Subpolar_Marine,Temperate
148,NAtl_148,2003-01-15,2010-01-15,2025-01-15,10.0,-22.5,North_Atlantic,Atlantic_Ocean,Tropical_Marine,Tropical
149,Ind_149,2003-01-15,2010-01-15,2025-01-15,40.0,135.0,Indian_Ocean,Indian_Ocean,Temperate_Marine,Subtropical
150,ARC_150,2003-01-15,2010-01-15,2025-01-15,85.0,-7.5,Arctic,Arctic_Ocean,Polar_Marine,Polar
151,Ind_151,2003-01-15,2010-01-15,2025-01-15,25.0,142.5,Indian_Ocean,Indian_Ocean,Temperate_Marine,Subtropical
152,NAtl_152,2003-01-15,2010-01-15,2025-01-15,55.0,-30.0,North_Atlantic,Atlantic_Ocean,Subpolar_Marine,Temperate
153,Ind_153,2003-01-15,2010-01-15,2025-01-15,-57.5,105.0,Indian_Ocean,Atlantic_Ocean,Subpolar_Marine,Temperate
154,Ind_154,2003-01-15,2010-01-15,2025-01-15,-50.0,60.0,Indian_Ocean,Atlantic_Ocean,Subpolar_Marine,Temperate
155,NPac_155,2003-01-15,2010-01-15,2025-01-15,10.0,-112.5,North_Pacific,Pacific_Ocean,Tropical_Marine,Tropical
156,ARC_156,2003-01-15,2010-01-15,2025-01-15,85.0,75.0,Arctic,Arctic_Ocean,Polar_Marine,Polar
157,Eq_157,2003-01-15,2010-01-15,2025-01-15,-5.0,97.5,Equatorial,Indian_Ocean,Tropical_Marine,Tropical
158,SO_158,2003-01-15,2010-01-15,2025-01-15,-65.0,-105.0,Southern_Ocean,Southern_Ocean,Subpolar_Marine,Temperate
159,NPac_159,2003-01-15,2010-01-15,2025-01-15,10.0,150.0,North_Pacific,Indian_Ocean,Tropical_Marine,Tropical
160,ARC_160,2003-01-15,2010-01-15,2025-01-15,77.5,120.0,Arctic,Arctic_Ocean,Polar_Marine,Polar
161,Eq_161,2003-01-15,2010-01-15,2025-01-15,-5.0,-7.5,Equatorial,Atlantic_Ocean,Tropical_Marine,Tropical
162,Ind_162,2003-01-15,2010-01-15,2025-01-15,-20.0,82.5,Indian_Ocean,Indian_Ocean,Tropical_Marine,Tropical
163,Eq_163,2003-01-15,2010-01-15,2025-01-15,-12.5,-97.5,Equatorial,Atlantic_Ocean,Tropical_Marine,Tropical
164,NPac_164,2003-01-15,2010-01-15,2025-01-15,17.5,-172.5,North_Pacific,Pacific_Ocean,Tropical_Marine,Tropical
165,Eq_165,2003-01-15,2010-01-15,2025-01-15,-5.0,-15.0,Equatorial,Atlantic_Ocean,Tropical_Marine,Tropical
166,NPac_166,2003-01-15,2010-01-15,2025-01-15,10.0,-135.0,North_Pacific,Pacific_Ocean,Tropical_Marine,Tropical
167,ARC_167,2003-01-15,2010-01-15,2025-01-15,85.0,-75.0,Arctic,Arctic_Ocean,Polar_Marine,Polar
168,NAtl_168,2003-01-15,2010-01-15,2025-01-15,62.5,-52.5,North_Atlantic,Atlantic_Ocean,Subpolar_Marine,Temperate
169,NPac_169,2003-01-15,2010-01-15,2025-01-15,40.0,-180.0,North_Pacific,Pacific_Ocean,Temperate_Marine,Subtropical
170,ARC_170,2003-01-15,2010-01-15,2025-01-15,85.0,37.5,Arctic,Arctic_Ocean,Polar_Marine,Polar
171,ARC_171,2003-01-15,2010-01-15,2025-01-15,85.0,7.5,Arctic,Arctic_Ocean,Polar_Marine,Polar
172,SO_172,2003-01-15,2010-01-15,2025-01-15,-65.0,-112.5,Southern_Ocean,Southern_Ocean,Subpolar_Marine,Temperate
173,Eq_173,2003-01-15,2010-01-15,2025-01-15,-12.5,0.0,Equatorial,Atlantic_Ocean,Tropical_Marine,Tropical
174,SPac_174,2003-01-15,2010-01-15,2025-01-15,-35.0,-165.0,South_Pacific,Pacific_Ocean,Temperate_Marine,Subtropical
175,NPac_175,2003-01-15,2010-01-15,2025-01-15,62.5,-180.0,North_Pacific,Pacific_Ocean,Subpolar_Marine,Temperate
176,SPac_176,2003-01-15,2010-01-15,2025-01-15,-35.0,-112.5,South_Pacific,Pacific_Ocean,Temperate_Marine,Subtropical
177,NAtl_177,2003-01-15,2010-01-15,2025-01-15,2.5,-7.5,North_Atlantic,Atlantic_Ocean,Tropical_Marine,Tropical
178,Eq_178,2003-01-15,2010-01-15,2025-01-15,-5.0,-30.0,Equatorial,Atlantic_Ocean,Tropical_Marine,Tropical
179,SPac_179,2003-01-15,2010-01-15,2025-01-15,-20.0,-112.5,South_Pacific,Pacific_Ocean,Tropical_Marine,Tropical
180,Eq_180,2003-01-15,2010-01-15,2025-01-15,-12.5,7.5,Equatorial,Atlantic_Ocean,Tropical_Marine,Tropical
181,SPac_181,2003-01-15,2010-01-15,2025-01-15,-35.0,-127.5,South_Pacific,Pacific_Ocean,Temperate_Marine,Subtropical
182,NPac_182,2003-01-15,2010-01-15,2025-01-15,2.5,157.5,North_Pacific,Pacific_Ocean,Tropical_Marine,Tropical
183,NAtl_183,2003-01-15,2010-01-15,2025-01-15,17.5,-52.5,North_Atlantic,Atlantic_Ocean,Tropical_Marine,Tropical
184,NAtl_184,2003-01-15,2010-01-15,2025-01-15,17.5,-67.5,North_Atlantic,Atlantic_Ocean,Tropical_Marine,Tropical
185,SO_185,2003-01-15,2010-01-15,2025-01-15,-65.0,75.0,Southern_Ocean,Southern_Ocean,Subpolar_Marine,Temperate
186,Ind_186,2003-01-15,2010-01-15,2025-01-15,17.5,120.0,Indian_Ocean,Indian_Ocean,Tropical_Marine,Tropical
187,NPac_187,2003-01-15,2010-01-15,2025-01-15,17.5,-127.5,North_Pacific,Pacific_Ocean,Tropical_Marine,Tropical
188,ARC_188,2003-01-15,2010-01-15,2025-01-15,77.5,-165.0,Arctic,Arctic_Ocean,Polar_Marine,Polar
189,ARC_189,2003-01-15,2010-01-15,2025-01-15,70.0,165.0,Arctic,Arctic_Ocean,Polar_Marine,Polar
190,SAtl_190,2003-01-15,2010-01-15,2025-01-15,-20.0,-75.0,South_Atlantic,Atlantic_Ocean,Tropical_Marine,Tropical
191,ARC_191,2003-01-15,2010-01-15,2025-01-15,85.0,150.0,Arctic,Arctic_Ocean,Polar_Marine,Polar
192,Eq_192,2003-01-15,2010-01-15,2025-01-15,-12.5,120.0,Equatorial,Indian_Ocean,Tropical_Marine,Tropical
193,Eq_193,2003-01-15,2010-01-15,2025-01-15,-12.5,-127.5,Equatorial,Pacific_Ocean,Tropical_Marine,Tropical
194,Ind_194,2003-01-15,2010-01-15,2025-01-15,2.5,142.5,Indian_Ocean,Indian_Ocean,Tropical_Marine,Tropical
195,ARC_195,2003-01-15,2010-01-15,2025-01-15,70.0,52.5,Arctic,Arctic_Ocean,Polar_Marine,Polar
196,NPac_196,2003-01-15,2010-01-15,2025-01-15,32.5,157.5,North_Pacific,Pacific_Ocean,Temperate_Marine,Subtropical
197,ARC_197,2003-01-15,2010-01-15,2025-01-15,77.5,52.5,Arctic,Arctic_Ocean,Polar_Marine,Polar
198,NPac_198,2003-01-15,2010-01-15,2025-01-15,40.0,-172.5,North_Pacific,Pacific_Ocean,Temperate_Marine,Subtropical
199,Ind_199,2003-01-15,2010-01-15,2025-01-15,10.0,120.0,Indian_Ocean,Indian_Ocean,Tropical_Marine,Tropical
200,Eq_200,2003-01-15,2010-01-15,2025-01-15,-12.5,-37.5,Equatorial,Atlantic_Ocean,Tropical_Marine,Tropical
201,SO_201,2003-01-15,2010-01-15,2025-01-15,-65.0,-135.0,Southern_Ocean,Southern_Ocean,Subpolar_Marine,Temperate
202,NPac_202,2003-01-15,2010-01-15,2025-01-15,55.0,165.0,North_Pacific,Pacific_Ocean,Subpolar_Marine,Temperate
203,SAtl_203,2003-01-15,2010-01-15,2025-01-15,-35.0,0.0,South_Atlantic,Atlantic_Ocean,Temperate_Marine,Subtropical
204,NAtl_204,2003-01-15,2010-01-15,2025-01-15,55.0,-37.5,North_Atlantic,Atlantic_Ocean,Subpolar_Marine,Temperate
205,ARC_205,2003-01-15,2010-01-15,2025-01-15,77.5,165.0,Arctic,Arctic_Ocean,Polar_Marine,Polar
206,SAtl_206,2003-01-15,2010-01-15,2025-01-15,-42.5,-45.0,South_Atlantic,Atlantic_Ocean,Subpolar_Marine,Temperate
207,Eq_207,2003-01-15,2010-01-15,2025-01-15,-5.0,0.0,Equatorial,Atlantic_Ocean,Tropical_Marine,Tropical
208,NPac_208,2003-01-15,2010-01-15,2025-01-15,32.5,172.5,North_Pacific,Pacific_Ocean,Temperate_Marine,Subtropical
209,SAtl_209,2003-01-15,2010-01-15,2025-01-15,-50.0,-22.5,South_Atlantic,Atlantic_Ocean,Subpolar_Marine,Temperate
210,SPac_210,2003-01-15,2010-01-15,2025-01-15,-50.0,-90.0,South_Pacific,Atlantic_Ocean,Subpolar_Marine,Temperate
211,Ind_211,2003-01-15,2010-01-15,2025-01-15,-50.0,127.5,Indian_Ocean,Atlantic_Ocean,Subpolar_Marine,Temperate
212,NPac_212,2003-01-15,2010-01-15,2025-01-15,10.0,-105.0,North_Pacific,Pacific_Ocean,Tropical_Marine,Tropical
213,Eq_213,2003-01-15,2010-01-15,2025-01-15,-5.0,67.5,Equatorial,Indian_Ocean,Tropical_Marine,Tropical
214,SO_214,2003-01-15,2010-01-15,2025-01-15,-65.0,105.0,Southern_Ocean,Southern_Ocean,Subpolar_Marine,Temperate
215,Ind_215,2003-01-15,2010-01-15,2025-01-15,-35.0,127.5,Indian_Ocean,Atlantic_Ocean,Temperate_Marine,Subtropical
216,NPac_216,2003-01-15,2010-01-15,2025-01-15,55.0,-180.0,North_Pacific,Pacific_Ocean,Subpolar_Marine,Temperate
217,SPac_217,2003-01-15,2010-01-15,2025-01-15,-20.0,-135.0,South_Pacific,Pacific_Ocean,Tropical_Marine,Tropical
218,Ind_218,2003-01-15,2010-01-15,2025-01-15,-27.5,97.5,Indian_Ocean,Indian_Ocean,Temperate_Marine,Subtropical
219,Ind_219,2003-01-15,2010-01-15,2025-01-15,-42.5,67.5,Indian_Ocean,Atlantic_Ocean,Subpolar_Marine,Temperate
220,NAtl_220,2003-01-15,2010-01-15,2025-01-15,17.5,-37.5,North_Atlantic,Atlantic_Ocean,Tropical_Marine,Tropical
221,Eq_221,2003-01-15,2010-01-15,2025-01-15,-5.0,-180.0,Equatorial,Pacific_Ocean,Tropical_Marine,Tropical
222,Ind_222,2003-01-15,2010-01-15,2025-01-15,17.5,127.5,Indian_Ocean,Indian_Ocean,Tropical_Marine,Tropical
223,SO_223,2003-01-15,2010-01-15,2025-01-15,-65.0,67.5,Southern_Ocean,Southern_Ocean,Subpolar_Marine,Temperate
224,NAtl_224,2003-01-15,2010-01-15,2025-01-15,25.0,-22.5,North_Atlantic,Atlantic_Ocean,Temperate_Marine,Subtropical
225,Eq_225,2003-01-15,2010-01-15,2025-01-15,-5.0,52.5,Equatorial,Indian_Ocean,Tropical_Marine,Tropical
226,Eq_226,2003-01-15,2010-01-15,2025-01-15,-5.0,-120.0,Equatorial,Pacific_Ocean,Tropical_Marine,Tropical
227,ARC_227,2003-01-15,2010-01-15,2025-01-15,70.0,-165.0,Arctic,Arctic_Ocean,Polar_Marine,Polar
228,Ind_228,2003-01-15,2010-01-15,2025-01-15,-42.5,37.5,Indian_Ocean,Atlantic_Ocean,Subpolar_Marine,Temperate
229,Ind_229,2003-01-15,2010-01-15,2025-01-15,10.0,97.5,Indian_Ocean,Indian_Ocean,Tropical_Marine,Tropical
230,SO_230,2003-01-15,2010-01-15,2025-01-15,-65.0,15.0,Southern_Ocean,Southern_Ocean,Subpolar_Marine,Temperate
231,SPac_231,2003-01-15,2010-01-15,2025-01-15,-57.5,-90.0,South_Pacific,Atlantic_Ocean,Subpolar_Marine,Temperate
232,SPac_232,2003-01-15,2010-01-15,2025-01-15,-27.5,-127.5,South_Pacific,Pacific_Ocean,Temperate_Marine,Subtropical
233,Ind_233,2003-01-15,2010-01-15,2025-01-15,55.0,142.5,Indian_Ocean,Indian_Ocean,Subpolar_Marine,Temperate
234,NPac_234,2003-01-15,2010-01-15,2025-01-15,10.0,-82.5,North_Pacific,Atlantic_Ocean,Tropical_Marine,Tropical
235,SAtl_235,2003-01-15,2010-01-15,2025-01-15,-50.0,15.0,South_Atlantic,Atlantic_Ocean,Subpolar_Marine,Temperate
236,NPac_236,2003-01-15,2010-01-15,2025-01-15,40.0,-150.0,North_Pacific,Pacific_Ocean,Temperate_Marine,Subtropical
237,ARC_237,2003-01-15,2010-01-15,2025-01-15,77.5,127.5,Arctic,Arctic_Ocean,Polar_Marine,Polar
238,SPac_238,2003-01-15,2010-01-15,2025-01-15,-57.5,-180.0,South_Pacific,Pacific_Ocean,Subpolar_Marine,Temperate
239,SO_239,2003-01-15,2010-01-15,2025-01-15,-65.0,90.0,Southern_Ocean,Southern_Ocean,Subpolar_Marine,Temperate
240,SPac_240,2003-01-15,2010-01-15,2025-01-15,-20.0,-90.0,South_Pacific,Atlantic_Ocean,Tropical_Marine,Tropical
241,ARC_241,2003-01-15,2010-01-15,2025-01-15,77.5,-157.5,Arctic,Arctic_Ocean,Polar_Marine,Polar
242,SPac_242,2003-01-15,2010-01-15,2025-01-15,-50.0,-82.5,South_Pacific,Atlantic_Ocean,Subpolar_Marine,Temperate
243,SAtl_243,2003-01-15,2010-01-15,2025-01-15,-42.5,-75.0,South_Atlantic,Atlantic_Ocean,Subpolar_Marine,Temperate
244,NPac_244,2003-01-15,2010-01-15,2025-01-15,25.0,-172.5,North_Pacific,Pacific_Ocean,Temperate_Marine,Subtropical
245,NPac_245,2003-01-15,2010-01-15,2025-01-15,2.5,172.5,North_Pacific,Pacific_Ocean,Tropical_Marine,Tropical
246,Eq_246,2003-01-15,2010-01-15,2025-01-15,-5.0,-150.0,Equatorial,Pacific_Ocean,Tropical_Marine,Tropical
247,SPac_247,2003-01-15,2010-01-15,2025-01-15,-27.5,-165.0,South_Pacific,Pacific_Ocean,Temperate_Marine,Subtropical
248,Ind_248,2003-01-15,2010-01-15,2025-01-15,17.5,60.0,Indian_Ocean,Indian_Ocean,Tropical_Marine,Tropical
249,SO_249,2003-01-15,2010-01-15,2025-01-15,-65.0,-15.0,Southern_Ocean,Southern_Ocean,Subpolar_Marine,Temperate
250,Ind_250,2003-01-15,2010-01-15,2025-01-15,-42.5,112.5,Indian_Ocean,Atlantic_Ocean,Subpolar_Marine,Temperate
251,SAtl_251,2003-01-15,2010-01-15,2025-01-15,-57.5,-45.0,South_Atlantic,Atlantic_Ocean,Subpolar_Marine,Temperate
252,ARC_252,2003-01-15,2010-01-15,2025-01-15,85.0,-120.0,Arctic,Arctic_Ocean,Polar_Marine,Polar
253,ARC_253,2003-01-15,2010-01-15,2025-01-15,85.0,-22.5,Arctic,Arctic_Ocean,Polar_Marine,Polar
254,NAtl_254,2003-01-15,2010-01-15,2025-01-15,55.0,7.5,North_Atlantic,Atlantic_Ocean,Subpolar_Marine,Temperate
255,SO_255,2003-01-15,2010-01-15,2025-01-15,-65.0,-75.0,Southern_Ocean,Southern_Ocean,Subpolar_Marine,Temperate
256,SO_256,2003-01-15,2010-01-15,2025-01-15,-65.0,-165.0,Southern_Ocean,Southern_Ocean,Subpolar_Marine,Temperate
257,SAtl_257,2003-01-15,2010-01-15,2025-01-15,-42.5,7.5,South_Atlantic,Atlantic_Ocean,Subpolar_Marine,Temperate
258,Eq_258,2003-01-15,2010-01-15,2025-01-15,-12.5,-112.5,Equatorial,Pacific_Ocean,Tropical_Marine,Tropical
259,Ind_259,2003-01-15,2010-01-15,2025-01-15,10.0,75.0,Indian_Ocean,Indian_Ocean,Tropical_Marine,Tropical
260,Ind_260,2003-01-15,2010-01-15,2025-01-15,-27.5,67.5,Indian_Ocean,Indian_Ocean,Temperate_Marine,Subtropical
261,SO_261,2003-01-15,2010-01-15,2025-01-15,-65.0,142.5,Southern_Ocean,Southern_Ocean,Subpolar_Marine,Temperate
262,NPac_262,2003-01-15,2010-01-15,2025-01-15,10.0,-90.0,North_Pacific,Atlantic_Ocean,Tropical_Marine,Tropical
263,SPac_263,2003-01-15,2010-01-15,2025-01-15,-57.5,-82.5,South_Pacific,Atlantic_Ocean,Subpolar_Marine,Temperate
264,SAtl_264,2003-01-15,2010-01-15,2025-01-15,-50.0,-7.5,South_Atlantic,Atlantic_Ocean,Subpolar_Marine,Temperate
265,NPac_265,2003-01-15,2010-01-15,2025-01-15,17.5,-150.0,North_Pacific,Pacific_Ocean,Tropical_Marine,Tropical
266,SO_266,2003-01-15,2010-01-15,2025-01-15,-65.0,52.5,Southern_Ocean,Southern_Ocean,Subpolar_Marine,Temperate
267,NPac_267,2003-01-15,2010-01-15,2025-01-15,55.0,172.5,North_Pacific,Pacific_Ocean,Subpolar_Marine,Temperate
268,NAtl_268,2003-01-15,2010-01-15,2025-01-15,40.0,-30.0,North_Atlantic,Atlantic_Ocean,Temperate_Marine,Subtropical
269,NPac_269,2003-01-15,2010-01-15,2025-01-15,32.5,-157.5,North_Pacific,Pacific_Ocean,Temperate_Marine,Subtropical
270,SPac_270,2003-01-15,2010-01-15,2025-01-15,-20.0,-172.5,South_Pacific,Pacific_Ocean,Tropical_Marine,Tropical
271,SAtl_271,2003-01-15,2010-01-15,2025-01-15,-20.0,-30.0,South_Atlantic,Atlantic_Ocean,Tropical_Marine,Tropical
272,ARC_272,2003-01-15,2010-01-15,2025-01-15,85.0,22.5,Arctic,Arctic_Ocean,Polar_Marine,Polar
273,NPac_273,2003-01-15,2010-01-15,2025-01-15,32.5,165.0,North_Pacific,Pacific_Ocean,Temperate_Marine,Subtropical
274,Ind_274,2003-01-15,2010-01-15,2025-01-15,32.5,142.5,Indian_Ocean,Indian_Ocean,Temperate_Marine,Subtropical
275,Ind_275,2003-01-15,2010-01-15,2025-01-15,-35.0,90.0,Indian_Ocean,Atlantic_Ocean,Temperate_Marine,Subtropical
276,ARC_276,2003-01-15,2010-01-15,2025-01-15,85.0,-112.5,Arctic,Arctic_Ocean,Polar_Marine,Polar
277,NPac_277,2003-01-15,2010-01-15,2025-01-15,25.0,-165.0,North_Pacific,Pacific_Ocean,Temperate_Marine,Subtropical
278,Eq_278,2003-01-15,2010-01-15,2025-01-15,-5.0,172.5,Equatorial,Pacific_Ocean,Tropical_Marine,Tropical
279,SPac_279,2003-01-15,2010-01-15,2025-01-15,-35.0,172.5,South_Pacific,Pacific_Ocean,Temperate_Marine,Subtropical
280,NAtl_280,2003-01-15,2010-01-15,2025-01-15,47.5,-7.5,North_Atlantic,Atlantic_Ocean,Subpolar_Marine,Temperate
281,SPac_281,2003-01-15,2010-01-15,2025-01-15,-35.0,-120.0,South_Pacific,Pacific_Ocean,Temperate_Marine,Subtropical
282,Eq_282,2003-01-15,2010-01-15,2025-01-15,-5.0,90.0,Equatorial,Indian_Ocean,Tropical_Marine,Tropical
283,Ind_283,2003-01-15,2010-01-15,2025-01-15,-50.0,75.0,Indian_Ocean,Atlantic_Ocean,Subpolar_Marine,Temperate
284,NPac_284,2003-01-15,2010-01-15,2025-01-15,25.0,-157.5,North_Pacific,Pacific_Ocean,Temperate_Marine,Subtropical
285,Eq_285,2003-01-15,2010-01-15,2025-01-15,-12.5,-150.0,Equatorial,Pacific_Ocean,Tropical_Marine,Tropical
286,Ind_286,2003-01-15,2010-01-15,2025-01-15,-27.5,60.0,Indian_Ocean,Indian_Ocean,Temperate_Marine,Subtropical
287,SAtl_287,2003-01-15,2010-01-15,2025-01-15,-35.0,7.5,South_Atlantic,Atlantic_Ocean,Temperate_Marine,Subtropical
288,Ind_288,2003-01-15,2010-01-15,2025-01-15,-42.5,105.0,Indian_Ocean,Atlantic_Ocean,Subpolar_Marine,Temperate
289,NPac_289,2003-01-15,2010-01-15,2025-01-15,55.0,150.0,North_Pacific,Indian_Ocean,Subpolar_Marine,Temperate
290,Ind_290,2003-01-15,2010-01-15,2025-01-15,-27.5,75.0,Indian_Ocean,Indian_Ocean,Temperate_Marine,Subtropical
291,Eq_291,2003-01-15,2010-01-15,2025-01-15,-5.0,45.0,Equatorial,Indian_Ocean,Tropical_Marine,Tropical
292,NPac_292,2003-01-15,2010-01-15,2025-01-15,62.5,-172.5,North_Pacific,Pacific_Ocean,Subpolar_Marine,Temperate
293,Ind_293,2003-01-15,2010-01-15,2025-01-15,-50.0,120.0,Indian_Ocean,Atlantic_Ocean,Subpolar_Marine,Temperate
294,ARC_294,2003-01-15,2010-01-15,2025-01-15,77.5,82.5,Arctic,Arctic_Ocean,Polar_Marine,Polar
295,NAtl_295,2003-01-15,2010-01-15,2025-01-15,25.0,-37.5,North_Atlantic,Atlantic_Ocean,Temperate_Marine,Subtropical
296,NPac_296,2003-01-15,2010-01-15,2025-01-15,32.5,-142.5,North_Pacific,Pacific_Ocean,Temperate_Marine,Subtropical
297,ARC_297,2003-01-15,2010-01-15,2025-01-15,70.0,-120.0,Arctic,Arctic_Ocean,Polar_Marine,Polar
298,Ind_298,2003-01-15,2010-01-15,2025-01-15,-50.0,105.0,Indian_Ocean,Atlantic_Ocean,Subpolar_Marine,Temperate
299,SPac_299,2003-01-15,2010-01-15,2025-01-15,-42.5,-112.5,South_Pacific,Pacific_Ocean,Subpolar_Marine,Temperate
300,SO_300,2003-01-15,2010-01-15,2025-01-15,-65.0,135.0,Southern_Ocean,Southern_Ocean,Subpolar_Marine,Temperate
301,Ind_301,2003-01-15,2010-01-15,2025-01-15,-57.5,97.5,Indian_Ocean,Atlantic_Ocean,Subpolar_Marine,Temperate
302,Ind_302,2003-01-15,2010-01-15,2025-01-15,-35.0,60.0,Indian_Ocean,Atlantic_Ocean,Temperate_Marine,Subtropical
303,SO_303,2003-01-15,2010-01-15,2025-01-15,-65.0,0.0,Southern_Ocean,Southern_Ocean,Subpolar_Marine,Temperate
304,Eq_304,2003-01-15,2010-01-15,2025-01-15,-5.0,75.0,Equatorial,Indian_Ocean,Tropical_Marine,Tropical
305,Ind_305,2003-01-15,2010-01-15,2025-01-15,-50.0,142.5,Indian_Ocean,Atlantic_Ocean,Subpolar_Marine,Temperate
306,SAtl_306,2003-01-15,2010-01-15,2025-01-15,-50.0,-60.0,South_Atlantic,Atlantic_Ocean,Subpolar_Marine,Temperate
307,Ind_307,2003-01-15,2010-01-15,2025-01-15,10.0,60.0,Indian_Ocean,Indian_Ocean,Tropical_Marine,Tropical
308,NPac_308,2003-01-15,2010-01-15,2025-01-15,2.5,-142.5,North_Pacific,Pacific_Ocean,Tropical_Marine,Tropical
309,Ind_309,2003-01-15,2010-01-15,2025-01-15,-42.5,120.0,Indian_Ocean,Atlantic_Ocean,Subpolar_Marine,Temperate
310,SPac_310,2003-01-15,2010-01-15,2025-01-15,-42.5,157.5,South_Pacific,Pacific_Ocean,Subpolar_Marine,Temperate
311,SAtl_311,2003-01-15,2010-01-15,2025-01-15,-42.5,-52.5,South_Atlantic,Atlantic_Ocean,Subpolar_Marine,Temperate
312,Eq_312,2003-01-15,2010-01-15,2025-01-15,-5.0,-165.0,Equatorial,Pacific_Ocean,Tropical_Marine,Tropical
313,NPac_313,2003-01-15,2010-01-15,2025-01-15,2.5,-150.0,North_Pacific,Pacific_Ocean,Tropical_Marine,Tropical
314,SPac_314,2003-01-15,2010-01-15,2025-01-15,-50.0,-112.5,South_Pacific,Pacific_Ocean,Subpolar_Marine,Temperate
315,ARC_315,2003-01-15,2010-01-15,2025-01-15,85.0,165.0,Arctic,Arctic_Ocean,Polar_Marine,Polar
316,ARC_316,2003-01-15,2010-01-15,2025-01-15,70.0,-52.5,Arctic,Arctic_Ocean,Polar_Marine,Polar
317,NAtl_317,2003-01-15,2010-01-15,2025-01-15,40.0,15.0,North_Atlantic,Atlantic_Ocean,Temperate_Marine,Subtropical
318,Ind_318,2003-01-15,2010-01-15,2025-01-15,-20.0,112.5,Indian_Ocean,Indian_Ocean,Tropical_Marine,Tropical
319,SAtl_319,2003-01-15,2010-01-15,2025-01-15,-42.5,15.0,South_Atlantic,Atlantic_Ocean,Subpolar_Marine,Temperate
320,SPac_320,2003-01-15,2010-01-15,2025-01-15,-42.5,-180.0,South_Pacific,Pacific_Ocean,Subpolar_Marine,Temperate
321,NAtl_321,2003-01-15,2010-01-15,2025-01-15,25.0,-30.0,North_Atlantic,Atlantic_Ocean,Temperate_Marine,Subtropical
322,NAtl_322,2003-01-15,2010-01-15,2025-01-15,10.0,-37.5,North_Atlantic,Atlantic_Ocean,Tropical_Marine,Tropical
323,ARC_323,2003-01-15,2010-01-15,2025-01-15,77.5,75.0,Arctic,Arctic_Ocean,Polar_Marine,Polar
324,Ind_324,2003-01-15,2010-01-15,2025-01-15,-57.5,37.5,Indian_Ocean,Atlantic_Ocean,Subpolar_Marine,Temperate
325,NPac_325,2003-01-15,2010-01-15,2025-01-15,25.0,-150.0,North_Pacific,Pacific_Ocean,Temperate_Marine,Subtropical
326,NAtl_326,2003-01-15,2010-01-15,2025-01-15,25.0,-15.0,North_Atlantic,Atlantic_Ocean,Temperate_Marine,Subtropical
327,Ind_327,2003-01-15,2010-01-15,2025-01-15,-57.5,135.0,Indian_Ocean,Atlantic_Ocean,Subpolar_Marine,Temperate
328,SPac_328,2003-01-15,2010-01-15,2025-01-15,-50.0,165.0,South_Pacific,Pacific_Ocean,Subpolar_Marine,Temperate
329,Ind_329,2003-01-15,2010-01-15,2025-01-15,-35.0,52.5,Indian_Ocean,Atlantic_Ocean,Temperate_Marine,Subtropical
330,ARC_330,2003-01-15,2010-01-15,2025-01-15,77.5,7.5,Arctic,Arctic_Ocean,Polar_Marine,Polar
331,Ind_331,2003-01-15,2010-01-15,2025-01-15,-50.0,90.0,Indian_Ocean,Atlantic_Ocean,Subpolar_Marine,Temperate
332,ARC_332,2003-01-15,2010-01-15,2025-01-15,85.0,142.5,Arctic,Arctic_Ocean,Polar_Marine,Polar
333,Ind_333,2003-01-15,2010-01-15,2025-01-15,-27.5,105.0,Indian_Ocean,Indian_Ocean,Temperate_Marine,Subtropical
334,Ind_334,2003-01-15,2010-01-15,2025-01-15,-42.5,22.5,Indian_Ocean,Atlantic_Ocean,Subpolar_Marine,Temperate
335,NAtl_335,2003-01-15,2010-01-15,2025-01-15,32.5,-60.0,North_Atlantic,Atlantic_Ocean,Temperate_Marine,Subtropical
336,Eq_336,2003-01-15,2010-01-15,2025-01-15,-5.0,7.5,Equatorial,Atlantic_Ocean,Tropical_Marine,Tropical
337,SPac_337,2003-01-15,2010-01-15,2025-01-15,-50.0,-142.5,South_Pacific,Pacific_Ocean,Subpolar_Marine,Temperate
338,SPac_338,2003-01-15,2010-01-15,2025-01-15,-20.0,-97.5,South_Pacific,Atlantic_Ocean,Tropical_Marine,Tropical
339,Eq_339,2003-01-15,2010-01-15,2025-01-15,-12.5,82.5,Equatorial,Indian_Ocean,Tropical_Marine,Tropical
340,SO_340,2003-01-15,2010-01-15,2025-01-15,-72.5,-75.0,Southern_Ocean,Southern_Ocean,Polar_Marine,Polar
341,NPac_341,2003-01-15,2010-01-15,2025-01-15,17.5,-120.0,North_Pacific,Pacific_Ocean,Tropical_Marine,Tropical
342,Ind_342,2003-01-15,2010-01-15,2025-01-15,-50.0,52.5,Indian_Ocean,Atlantic_Ocean,Subpolar_Marine,Temperate
343,NPac_343,2003-01-15,2010-01-15,2025-01-15,40.0,-157.5,North_Pacific,Pacific_Ocean,Temperate_Marine,Subtropical
344,SAtl_344,2003-01-15,2010-01-15,2025-01-15,-35.0,-52.5,South_Atlantic,Atlantic_Ocean,Temperate_Marine,Subtropical
345,NPac_345,2003-01-15,2010-01-15,2025-01-15,25.0,-90.0,North_Pacific,Atlantic_Ocean,Temperate_Marine,Subtropical
346,SO_346,2003-01-15,2010-01-15,2025-01-15,-65.0,-30.0,Southern_Ocean,Southern_Ocean,Subpolar_Marine,Temperate
347,NPac_347,2003-01-15,2010-01-15,2025-01-15,25.0,-82.5,North_Pacific,Atlantic_Ocean,Temperate_Marine,Subtropical
348,NPac_348,2003-01-15,2010-01-15,2025-01-15,2.5,-127.5,North_Pacific,Pacific_Ocean,Tropical_Marine,Tropical
349,SPac_349,2003-01-15,2010-01-15,2025-01-15,-35.0,-82.5,South_Pacific,Atlantic_Ocean,Temperate_Marine,Subtropical
350,SO_350,2003-01-15,2010-01-15,2025-01-15,-65.0,-172.5,Southern_Ocean,Southern_Ocean,Subpolar_Marine,Temperate
351,ARC_351,2003-01-15,2010-01-15,2025-01-15,85.0,-82.5,Arctic,Arctic_Ocean,Polar_Marine,Polar
352,SAtl_352,2003-01-15,2010-01-15,2025-01-15,-57.5,-67.5,South_Atlantic,Atlantic_Ocean,Subpolar_Marine,Temperate
353,SPac_353,2003-01-15,2010-01-15,2025-01-15,-50.0,150.0,South_Pacific,Atlantic_Ocean,Subpolar_Marine,Temperate
354,NPac_354,2003-01-15,2010-01-15,2025-01-15,25.0,165.0,North_Pacific,Pacific_Ocean,Temperate_Marine,Subtropical
355,SPac_355,2003-01-15,2010-01-15,2025-01-15,-35.0,-172.5,South_Pacific,Pacific_Ocean,Temperate_Marine,Subtropical
356,Ind_356,2003-01-15,2010-01-15,2025-01-15,-35.0,135.0,Indian_Ocean,Atlantic_Ocean,Temperate_Marine,Subtropical
357,NAtl_357,2003-01-15,2010-01-15,2025-01-15,17.5,-75.0,North_Atlantic,Atlantic_Ocean,Tropical_Marine,Tropical
358,Ind_358,2003-01-15,2010-01-15,2025-01-15,10.0,135.0,Indian_Ocean,Indian_Ocean,Tropical_Marine,Tropical
359,NAtl_359,2003-01-15,2010-01-15,2025-01-15,32.5,-75.0,North_Atlantic,Atlantic_Ocean,Temperate_Marine,Subtropical
360,Ind_360,2003-01-15,2010-01-15,2025-01-15,-35.0,37.5,Indian_Ocean,Atlantic_Ocean,Temperate_Marine,Subtropical
361,Ind_361,2003-01-15,2010-01-15,2025-01-15,-50.0,67.5,Indian_Ocean,Atlantic_Ocean,Subpolar_Marine,Temperate
362,ARC_362,2003-01-15,2010-01-15,2025-01-15,85.0,-45.0,Arctic,Arctic_Ocean,Polar_Marine,Polar
363,NPac_363,2003-01-15,2010-01-15,2025-01-15,40.0,-135.0,North_Pacific,Pacific_Ocean,Temperate_Marine,Subtropical
364,ARC_364,2003-01-15,2010-01-15,2025-01-15,70.0,-172.5,Arctic,Arctic_Ocean,Polar_Marine,Polar
365,Ind_365,2003-01-15,2010-01-15,2025-01-15,40.0,120.0,Indian_Ocean,Indian_Ocean,Temperate_Marine,Subtropical
366,SAtl_366,2003-01-15,2010-01-15,2025-01-15,-50.0,-15.0,South_Atlantic,Atlantic_Ocean,Subpolar_Marine,Temperate
367,Eq_367,2003-01-15,2010-01-15,2025-01-15,-5.0,-97.5,Equatorial,Atlantic_Ocean,Tropical_Marine,Tropical
368,Eq_368,2003-01-15,2010-01-15,2025-01-15,-5.0,157.5,Equatorial,Pacific_Ocean,Tropical_Marine,Tropical
369,SAtl_369,2003-01-15,2010-01-15,2025-01-15,-27.5,-37.5,South_Atlantic,Atlantic_Ocean,Temperate_Marine,Subtropical
370,SPac_370,2003-01-15,2010-01-15,2025-01-15,-57.5,-127.5,South_Pacific,Pacific_Ocean,Subpolar_Marine,Temperate
371,Ind_371,2003-01-15,2010-01-15,2025-01-15,10.0,52.5,Indian_Ocean,Indian_Ocean,Tropical_Marine,Tropical
372,SAtl_372,2003-01-15,2010-01-15,2025-01-15,-42.5,-37.5,South_Atlantic,Atlantic_Ocean,Subpolar_Marine,Temperate
373,SO_373,2003-01-15,2010-01-15,2025-01-15,-72.5,-135.0,Southern_Ocean,Southern_Ocean,Polar_Marine,Polar
374,SPac_374,2003-01-15,2010-01-15,2025-01-15,-57.5,-157.5,South_Pacific,Pacific_Ocean,Subpolar_Marine,Temperate
375,NPac_375,2003-01-15,2010-01-15,2025-01-15,17.5,157.5,North_Pacific,Pacific_Ocean,Tropical_Marine,Tropical
376,SAtl_376,2003-01-15,2010-01-15,2025-01-15,-42.5,0.0,South_Atlantic,Atlantic_Ocean,Subpolar_Marine,Temperate
377,SPac_377,2003-01-15,2010-01-15,2025-01-15,-27.5,-150.0,South_Pacific,Pacific_Ocean,Temperate_Marine,Subtropical
378,SAtl_378,2003-01-15,2010-01-15,2025-01-15,-57.5,0.0,South_Atlantic,Atlantic_Ocean,Subpolar_Marine,Temperate
379,NPac_379,2003-01-15,2010-01-15,2025-01-15,17.5,165.0,North_Pacific,Pacific_Ocean,Tropical_Marine,Tropical
380,NAtl_380,2003-01-15,2010-01-15,2025-01-15,2.5,7.5,North_Atlantic,Atlantic_Ocean,Tropical_Marine,Tropical
381,NPac_381,2003-01-15,2010-01-15,2025-01-15,17.5,-165.0,North_Pacific,Pacific_Ocean,Tropical_Marine,Tropical
382,Ind_382,2003-01-15,2010-01-15,2025-01-15,-57.5,127.5,Indian_Ocean,Atlantic_Ocean,Subpolar_Marine,Temperate
383,SPac_383,2003-01-15,2010-01-15,2025-01-15,-35.0,157.5,South_Pacific,Pacific_Ocean,Temperate_Marine,Subtropical
384,SPac_384,2003-01-15,2010-01-15,2025-01-15,-27.5,165.0,South_Pacific,Pacific_Ocean,Temperate_Marine,Subtropical
385,ARC_385,2003-01-15,2010-01-15,2025-01-15,70.0,-180.0,Arctic,Arctic_Ocean,Polar_Marine,Polar
386,NPac_386,2003-01-15,2010-01-15,2025-01-15,32.5,-127.5,North_Pacific,Pacific_Ocean,Temperate_Marine,Subtropical
387,SPac_387,2003-01-15,2010-01-15,2025-01-15,-57.5,157.5,South_Pacific,Pacific_Ocean,Subpolar_Marine,Temperate
388,SPac_388,2003-01-15,2010-01-15,2025-01-15,-20.0,-127.5,South_Pacific,Pacific_Ocean,Tropical_Marine,Tropical
389,Eq_389,2003-01-15,2010-01-15,2025-01-15,-12.5,172.5,Equatorial,Pacific_Ocean,Tropical_Marine,Tropical
390,NPac_390,2003-01-15,2010-01-15,2025-01-15,40.0,-142.5,North_Pacific,Pacific_Ocean,Temperate_Marine,Subtropical
391,Ind_391,2003-01-15,2010-01-15,2025-01-15,-35.0,105.0,Indian_Ocean,Atlantic_Ocean,Temperate_Marine,Subtropical
392,Eq_392,2003-01-15,2010-01-15,2025-01-15,-5.0,-127.5,Equatorial,Pacific_Ocean,Tropical_Marine,Tropical
393,Ind_393,2003-01-15,2010-01-15,2025-01-15,-35.0,112.5,Indian_Ocean,Atlantic_Ocean,Temperate_Marine,Subtropical
394,NPac_394,2003-01-15,2010-01-15,2025-01-15,25.0,-112.5,North_Pacific,Pacific_Ocean,Temperate_Marine,Subtropical
395,Ind_395,2003-01-15,2010-01-15,2025-01-15,-20.0,97.5,Indian_Ocean,Indian_Ocean,Tropical_Marine,Tropical
396,NPac_396,2003-01-15,2010-01-15,2025-01-15,17.5,-82.5,North_Pacific,Atlantic_Ocean,Tropical_Marine,Tropical
397,SPac_397,2003-01-15,2010-01-15,2025-01-15,-50.0,-97.5,South_Pacific,Atlantic_Ocean,Subpolar_Marine,Temperate
398,Eq_398,2003-01-15,2010-01-15,2025-01-15,-12.5,-90.0,Equatorial,Atlantic_Ocean,Tropical_Marine,Tropical
399,SO_399,2003-01-15,2010-01-15,2025-01-15,-72.5,-150.0,Southern_Ocean,Southern_Ocean,Polar_Marine,Polar
400,SAtl_400,2003-01-15,2010-01-15,2025-01-15,-35.0,-37.5,South_Atlantic,Atlantic_Ocean,Temperate_Marine,Subtropical
401,SPac_401,2003-01-15,2010-01-15,2025-01-15,-42.5,-82.5,South_Pacific,Atlantic_Ocean,Subpolar_Marine,Temperate
402,SPac_402,2003-01-15,2010-01-15,2025-01-15,-27.5,-172.5,South_Pacific,Pacific_Ocean,Temperate_Marine,Subtropical
403,SAtl_403,2003-01-15,2010-01-15,2025-01-15,-20.0,-15.0,South_Atlantic,Atlantic_Ocean,Tropical_Marine,Tropical
404,ARC_404,2003-01-15,2010-01-15,2025-01-15,85.0,60.0,Arctic,Arctic_Ocean,Polar_Marine,Polar
405,Ind_405,2003-01-15,2010-01-15,2025-01-15,-35.0,75.0,Indian_Ocean,Atlantic_Ocean,Temperate_Marine,Subtropical
406,SPac_406,2003-01-15,2010-01-15,2025-01-15,-35.0,-142.5,South_Pacific,Pacific_Ocean,Temperate_Marine,Subtropical
407,SO_407,2003-01-15,2010-01-15,2025-01-15,-65.0,-97.5,Southern_Ocean,Southern_Ocean,Subpolar_Marine,Temperate
408,NAtl_408,2003-01-15,2010-01-15,2025-01-15,55.0,-45.0,North_Atlantic,Atlantic_Ocean,Subpolar_Marine,Temperate
409,SAtl_409,2003-01-15,2010-01-15,2025-01-15,-35.0,-7.5,South_Atlantic,Atlantic_Ocean,Temperate_Marine,Subtropical
410,NPac_410,2003-01-15,2010-01-15,2025-01-15,2.5,-165.0,North_Pacific,Pacific_Ocean,Tropical_Marine,Tropical
411,ARC_411,2003-01-15,2010-01-15,2025-01-15,77.5,-172.5,Arctic,Arctic_Ocean,Polar_Marine,Polar
412,Ind_412,2003-01-15,2010-01-15,2025-01-15,17.5,112.5,Indian_Ocean,Indian_Ocean,Tropical_Marine,Tropical
413,NAtl_413,2003-01-15,2010-01-15,2025-01-15,25.0,-45.0,North_Atlantic,Atlantic_Ocean,Temperate_Marine,Subtropical
414,ARC_414,2003-01-15,2010-01-15,2025-01-15,85.0,97.5,Arctic,Arctic_Ocean,Polar_Marine,Polar
415,NPac_415,2003-01-15,2010-01-15,2025-01-15,17.5,-142.5,North_Pacific,Pacific_Ocean,Tropical_Marine,Tropical
416,Ind_416,2003-01-15,2010-01-15,2025-01-15,-27.5,90.0,Indian_Ocean,Indian_Ocean,Temperate_Marine,Subtropical
417,SPac_417,2003-01-15,2010-01-15,2025-01-15,-27.5,-105.0,South_Pacific,Pacific_Ocean,Temperate_Marine,Subtropical
418,Eq_418,2003-01-15,2010-01-15,2025-01-15,-12.5,-22.5,Equatorial,Atlantic_Ocean,Tropical_Marine,Tropical
419,Ind_419,2003-01-15,2010-01-15,2025-01-15,-57.5,22.5,Indian_Ocean,Atlantic_Ocean,Subpolar_Marine,Temperate
420,SPac_420,2003-01-15,2010-01-15,2025-01-15,-50.0,172.5,South_Pacific,Pacific_Ocean,Subpolar_Marine,Temperate
421,Eq_421,2003-01-15,2010-01-15,2025-01-15,-12.5,-180.0,Equatorial,Pacific_Ocean,Tropical_Marine,Tropical
422,NPac_422,2003-01-15,2010-01-15,2025-01-15,47.5,150.0,North_Pacific,Indian_Ocean,Subpolar_Marine,Temperate
423,NPac_423,2003-01-15,2010-01-15,2025-01-15,32.5,150.0,North_Pacific,Indian_Ocean,Temperate_Marine,Subtropical
424,ARC_424,2003-01-15,2010-01-15,2025-01-15,70.0,37.5,Arctic,Arctic_Ocean,Polar_Marine,Polar
425,NAtl_425,2003-01-15,2010-01-15,2025-01-15,2.5,-45.0,North_Atlantic,Atlantic_Ocean,Tropical_Marine,Tropical
426,SAtl_426,2003-01-15,2010-01-15,2025-01-15,-20.0,0.0,South_Atlantic,Atlantic_Ocean,Tropical_Marine,Tropical
427,SPac_427,2003-01-15,2010-01-15,2025-01-15,-50.0,-150.0,South_Pacific,Pacific_Ocean,Subpolar_Marine,Temperate
428,NAtl_428,2003-01-15,2010-01-15,2025-01-15,40.0,-22.5,North_Atlantic,Atlantic_Ocean,Temperate_Marine,Subtropical
429,NAtl_429,2003-01-15,2010-01-15,2025-01-15,62.5,-15.0,North_Atlantic,Atlantic_Ocean,Subpolar_Marine,Temperate
430,NAtl_430,2003-01-15,2010-01-15,2025-01-15,32.5,-30.0,North_Atlantic,Atlantic_Ocean,Temperate_Marine,Subtropical
431,ARC_431,2003-01-15,2010-01-15,2025-01-15,70.0,-90.0,Arctic,Arctic_Ocean,Polar_Marine,Polar
432,SO_432,2003-01-15,2010-01-15,2025-01-15,-65.0,82.5,Southern_Ocean,Southern_Ocean,Subpolar_Marine,Temperate
433,NAtl_433,2003-01-15,2010-01-15,2025-01-15,47.5,-45.0,North_Atlantic,Atlantic_Ocean,Subpolar_Marine,Temperate
434,Eq_434,2003-01-15,2010-01-15,2025-01-15,-5.0,-142.5,Equatorial,Pacific_Ocean,Tropical_Marine,Tropical
435,SO_435,2003-01-15,2010-01-15,2025-01-15,-65.0,165.0,Southern_Ocean,Southern_Ocean,Subpolar_Marine,Temperate
436,SAtl_436,2003-01-15,2010-01-15,2025-01-15,-35.0,-15.0,South_Atlantic,Atlantic_Ocean,Temperate_Marine,Subtropical
437,Ind_437,2003-01-15,2010-01-15,2025-01-15,2.5,82.5,Indian_Ocean,Indian_Ocean,Tropical_Marine,Tropical
438,SAtl_438,2003-01-15,2010-01-15,2025-01-15,-50.0,-45.0,South_Atlantic,Atlantic_Ocean,Subpolar_Marine,Temperate
439,SAtl_439,2003-01-15,2010-01-15,2025-01-15,-50.0,-37.5,South_Atlantic,Atlantic_Ocean,Subpolar_Marine,Temperate
440,Eq_440,2003-01-15,2010-01-15,2025-01-15,-12.5,112.5,Equatorial,Indian_Ocean,Tropical_Marine,Tropical
441,NPac_441,2003-01-15,2010-01-15,2025-01-15,25.0,-97.5,North_Pacific,Atlantic_Ocean,Temperate_Marine,Subtropical
442,SPac_442,2003-01-15,2010-01-15,2025-01-15,-57.5,-165.0,South_Pacific,Pacific_Ocean,Subpolar_Marine,Temperate
443,Ind_443,2003-01-15,2010-01-15,2025-01-15,10.0,90.0,Indian_Ocean,Indian_Ocean,Tropical_Marine,Tropical
444,SPac_444,2003-01-15,2010-01-15,2025-01-15,-50.0,157.5,South_Pacific,Pacific_Ocean,Subpolar_Marine,Temperate
445,NPac_445,2003-01-15,2010-01-15,2025-01-15,2.5,-82.5,North_Pacific,Atlantic_Ocean,Tropical_Marine,Tropical
446,SO_446,2003-01-15,2010-01-15,2025-01-15,-65.0,172.5,Southern_Ocean,Southern_Ocean,Subpolar_Marine,Temperate
447,SAtl_447,2003-01-15,2010-01-15,2025-01-15,-57.5,-15.0,South_Atlantic,Atlantic_Ocean,Subpolar_Marine,Temperate
448,NPac_448,2003-01-15,2010-01-15,2025-01-15,10.0,157.5,North_Pacific,Pacific_Ocean,Tropical_Marine,Tropical
449,SAtl_449,2003-01-15,2010-01-15,2025-01-15,-42.5,-7.5,South_Atlantic,Atlantic_Ocean,Subpolar_Marine,Temperate
450,SAtl_450,2003-01-15,2010-01-15,2025-01-15,-42.5,-22.5,South_Atlantic,Atlantic_Ocean,Subpolar_Marine,Temperate
451,ARC_451,2003-01-15,2010-01-15,2025-01-15,77.5,150.0,Arctic,Arctic_Ocean,Polar_Marine,Polar
452,SAtl_452,2003-01-15,2010-01-15,2025-01-15,-42.5,-30.0,South_Atlantic,Atlantic_Ocean,Subpolar_Marine,Temperate
453,NAtl_453,2003-01-15,2010-01-15,2025-01-15,62.5,0.0,North_Atlantic,Atlantic_Ocean,Subpolar_Marine,Temperate
454,SAtl_454,2003-01-15,2010-01-15,2025-01-15,-57.5,-22.5,South_Atlantic,Atlantic_Ocean,Subpolar_Marine,Temperate
455,ARC_455,2003-01-15,2010-01-15,2025-01-15,70.0,45.0,Arctic,Arctic_Ocean,Polar_Marine,Polar
456,ARC_456,2003-01-15,2010-01-15,2025-01-15,77.5,112.5,Arctic,Arctic_Ocean,Polar_Marine,Polar
457,NPac_457,2003-01-15,2010-01-15,2025-01-15,2.5,-112.5,North_Pacific,Pacific_Ocean,Tropical_Marine,Tropical
458,NPac_458,2003-01-15,2010-01-15,2025-01-15,62.5,165.0,North_Pacific,Pacific_Ocean,Subpolar_Marine,Temperate
459,Ind_459,2003-01-15,2010-01-15,2025-01-15,-57.5,52.5,Indian_Ocean,Atlantic_Ocean,Subpolar_Marine,Temperate
460,NPac_460,2003-01-15,2010-01-15,2025-01-15,10.0,-150.0,North_Pacific,Pacific_Ocean,Tropical_Marine,Tropical
461,SAtl_461,2003-01-15,2010-01-15,2025-01-15,-57.5,-60.0,South_Atlantic,Atlantic_Ocean,Subpolar_Marine,Temperate
462,ARC_462,2003-01-15,2010-01-15,2025-01-15,77.5,-67.5,Arctic,Arctic_Ocean,Polar_Marine,Polar
463,Ind_463,2003-01-15,2010-01-15,2025-01-15,25.0,127.5,Indian_Ocean,Indian_Ocean,Temperate_Marine,Subtropical
464,NAtl_464,2003-01-15,2010-01-15,2025-01-15,40.0,-15.0,North_Atlantic,Atlantic_Ocean,Temperate_Marine,Subtropical
465,Ind_465,2003-01-15,2010-01-15,2025-01-15,2.5,105.0,Indian_Ocean,Indian_Ocean,Tropical_Marine,Tropical
466,NPac_466,2003-01-15,2010-01-15,2025-01-15,2.5,165.0,North_Pacific,Pacific_Ocean,Tropical_Marine,Tropical
467,NAtl_467,2003-01-15,2010-01-15,2025-01-15,62.5,-30.0,North_Atlantic,Atlantic_Ocean,Subpolar_Marine,Temperate
468,SAtl_468,2003-01-15,2010-01-15,2025-01-15,-42.5,-60.0,South_Atlantic,Atlantic_Ocean,Subpolar_Marine,Temperate
469,SO_469,2003-01-15,2010-01-15,2025-01-15,-65.0,-22.5,Southern_Ocean,Southern_Ocean,Subpolar_Marine,Temperate
470,SPac_470,2003-01-15,2010-01-15,2025-01-15,-42.5,-105.0,South_Pacific,Pacific_Ocean,Subpolar_Marine,Temperate
471,SPac_471,2003-01-15,2010-01-15,2025-01-15,-42.5,-135.0,South_Pacific,Pacific_Ocean,Subpolar_Marine,Temperate
472,SPac_472,2003-01-15,2010-01-15,2025-01-15,-50.0,-127.5,South_Pacific,Pacific_Ocean,Subpolar_Marine,Temperate
473,SAtl_473,2003-01-15,2010-01-15,2025-01-15,-50.0,0.0,South_Atlantic,Atlantic_Ocean,Subpolar_Marine,Temperate
474,NPac_474,2003-01-15,2010-01-15,2025-01-15,55.0,-157.5,North_Pacific,Pacific_Ocean,Subpolar_Marine,Temperate
475,SPac_475,2003-01-15,2010-01-15,2025-01-15,-50.0,-120.0,South_Pacific,Pacific_Ocean,Subpolar_Marine,Temperate
476,Ind_476,2003-01-15,2010-01-15,2025-01-15,10.0,112.5,Indian_Ocean,Indian_Ocean,Tropical_Marine,Tropical
477,Ind_477,2003-01-15,2010-01-15,2025-01-15,-50.0,82.5,Indian_Ocean,Atlantic_Ocean,Subpolar_Marine,Temperate
478,ARC_478,2003-01-15,2010-01-15,2025-01-15,85.0,67.5,Arctic,Arctic_Ocean,Polar_Marine,Polar
479,NPac_479,2003-01-15,2010-01-15,2025-01-15,2.5,-135.0,North_Pacific,Pacific_Ocean,Tropical_Marine,Tropical
480,SPac_480,2003-01-15,2010-01-15,2025-01-15,-57.5,-142.5,South_Pacific,Pacific_Ocean,Subpolar_Marine,Temperate
481,Eq_481,2003-01-15,2010-01-15,2025-01-15,-12.5,150.0,Equatorial,Indian_Ocean,Tropical_Marine,Tropical
482,SO_482,2003-01-15,2010-01-15,2025-01-15,-65.0,22.5,Southern_Ocean,Southern_Ocean,Subpolar_Marine,Temperate
483,Eq_483,2003-01-15,2010-01-15,2025-01-15,-5.0,-135.0,Equatorial,Pacific_Ocean,Tropical_Marine,Tropical
484,ARC_484,2003-01-15,2010-01-15,2025-01-15,85.0,15.0,Arctic,Arctic_Ocean,Polar_Marine,Polar
485,ARC_485,2003-01-15,2010-01-15,2025-01-15,85.0,172.5,Arctic,Arctic_Ocean,Polar_Marine,Polar
486,Ind_486,2003-01-15,2010-01-15,2025-01-15,17.5,142.5,Indian_Ocean,Indian_Ocean,Tropical_Marine,Tropical
487,SO_487,2003-01-15,2010-01-15,2025-01-15,-65.0,7.5,Southern_Ocean,Southern_Ocean,Subpolar_Marine,Temperate
488,Eq_488,2003-01-15,2010-01-15,2025-01-15,-5.0,-105.0,Equatorial,Pacific_Ocean,Tropical_Marine,Tropical
489,ARC_489,2003-01-15,2010-01-15,2025-01-15,85.0,-52.5,Arctic,Arctic_Ocean,Polar_Marine,Polar
490,Ind_490,2003-01-15,2010-01-15,2025-01-15,2.5,135.0,Indian_Ocean,Indian_Ocean,Tropical_Marine,Tropical
491,NPac_491,2003-01-15,2010-01-15,2025-01-15,47.5,-157.5,North_Pacific,Pacific_Ocean,Subpolar_Marine,Temperate
492,Ind_492,2003-01-15,2010-01-15,2025-01-15,2.5,52.5,Indian_Ocean,Indian_Ocean,Tropical_Marine,Tropical
493,SPac_493,2003-01-15,2010-01-15,2025-01-15,-27.5,-120.0,South_Pacific,Pacific_Ocean,Temperate_Marine,Subtropical
494,ARC_494,2003-01-15,2010-01-15,2025-01-15,77.5,-150.0,Arctic,Arctic_Ocean,Polar_Marine,Polar
495,ARC_495,2003-01-15,2010-01-15,2025-01-15,85.0,-157.5,Arctic,Arctic_Ocean,Polar_Marine,Polar
496,NPac_496,2003-01-15,2010-01-15,2025-01-15,47.5,-172.5,North_Pacific,Pacific_Ocean,Subpolar_Marine,Temperate
497,NPac_497,2003-01-15,2010-01-15,2025-01-15,10.0,-180.0,North_Pacific,Pacific_Ocean,Tropical_Marine,Tropical
498,Ind_498,2003-01-15,2010-01-15,2025-01-15,-57.5,30.0,Indian_Ocean,Atlantic_Ocean,Subpolar_Marine,Temperate
499,Eq_499,2003-01-15,2010-01-15,2025-01-15,-5.0,135.0,Equatorial,Indian_Ocean,Tropical_Marine,Tropical
500,SO_500,2003-01-15,2010-01-15,2025-01-15,-72.5,-52.5,Southern_Ocean,Southern_Ocean,Polar_Marine,Polar
